EmployeeID945178namePrefix='39, firstName='Beulah', middleInitial='J', LastName='Weeks', gender='F', email='beulah.weeks@aol.com', dateOfBirth=1975-04-05, dateOfJoining=2011-02-11, salary=139978.0
EmployeeID467080namePrefix='39, firstName='Terrilyn', middleInitial='A', LastName='Mcmullen', gender='F', email='terrilyn.mcmullen@gmail.com', dateOfBirth=1966-01-21, dateOfJoining=2005-08-16, salary=175513.0
EmployeeID517476namePrefix='39, firstName='Marleen', middleInitial='C', LastName='Bell', gender='F', email='marleen.bell@gmail.com', dateOfBirth=1963-01-06, dateOfJoining=1995-12-03, salary=117582.0
EmployeeID281376namePrefix='39, firstName='Charlene', middleInitial='I', LastName='Fenton', gender='F', email='charlene.fenton@gmail.com', dateOfBirth=1988-06-23, dateOfJoining=2013-10-14, salary=61675.0
EmployeeID173479namePrefix='39, firstName='Marnie', middleInitial='Z', LastName='Luckey', gender='F', email='marnie.luckey@outlook.com', dateOfBirth=1970-11-27, dateOfJoining=2017-05-05, salary=81053.0
EmployeeID254060namePrefix='39, firstName='Sylvester', middleInitial='V', LastName='Hamill', gender='M', email='sylvester.hamill@aol.com', dateOfBirth=1964-07-06, dateOfJoining=1989-07-19, salary=105460.0
EmployeeID581148namePrefix='39, firstName='Oneida', middleInitial='S', LastName='Straub', gender='F', email='oneida.straub@walmart.com', dateOfBirth=1970-03-18, dateOfJoining=1998-12-01, salary=131416.0
EmployeeID989007namePrefix='39, firstName='Carol', middleInitial='T', LastName='London', gender='M', email='carol.london@yahoo.com', dateOfBirth=1964-01-22, dateOfJoining=1990-12-07, salary=64957.0
EmployeeID961538namePrefix='39, firstName='Norman', middleInitial='J', LastName='Siler', gender='F', email='norman.siler@verizon.net', dateOfBirth=1982-08-10, dateOfJoining=2012-04-17, salary=176420.0
EmployeeID806216namePrefix='39, firstName='Gwendolyn', middleInitial='U', LastName='Bramble', gender='F', email='gwendolyn.bramble@hotmail.com', dateOfBirth=1982-11-13, dateOfJoining=2016-07-31, salary=59164.0
EmployeeID968722namePrefix='39, firstName='Freeman', middleInitial='H', LastName='Lower', gender='M', email='freeman.lower@aol.com', dateOfBirth=1996-02-19, dateOfJoining=2017-03-11, salary=76823.0
EmployeeID535207namePrefix='39, firstName='Myrtie', middleInitial='J', LastName='Testerman', gender='F', email='myrtie.testerman@bellsouth.net', dateOfBirth=1981-12-30, dateOfJoining=2013-07-13, salary=101955.0
EmployeeID401576namePrefix='39, firstName='Iola', middleInitial='U', LastName='Carranza', gender='F', email='iola.carranza@hotmail.com', dateOfBirth=1988-02-03, dateOfJoining=2016-12-05, salary=142745.0
EmployeeID505192namePrefix='39, firstName='Corinna', middleInitial='T', LastName='Garfield', gender='F', email='corinna.garfield@gmail.com', dateOfBirth=1976-04-22, dateOfJoining=2001-07-16, salary=61454.0
EmployeeID577588namePrefix='39, firstName='Adam', middleInitial='X', LastName='Sorensen', gender='F', email='adam.sorensen@gmail.com', dateOfBirth=1967-04-14, dateOfJoining=1997-03-18, salary=123968.0
EmployeeID528467namePrefix='39, firstName='Asa', middleInitial='K', LastName='Peeples', gender='M', email='asa.peeples@aol.com', dateOfBirth=1971-10-03, dateOfJoining=1994-12-09, salary=63788.0
EmployeeID741457namePrefix='39, firstName='Shawn', middleInitial='L', LastName='Felts', gender='M', email='shawn.felts@gmail.com', dateOfBirth=1960-02-22, dateOfJoining=1998-08-05, salary=131082.0
EmployeeID425467namePrefix='39, firstName='Benton', middleInitial='Q', LastName='Dotson', gender='M', email='benton.dotson@yahoo.co.in', dateOfBirth=1976-10-29, dateOfJoining=2004-11-28, salary=78764.0
EmployeeID766480namePrefix='39, firstName='Bridgette', middleInitial='R', LastName='Cannady', gender='F', email='bridgette.cannady@verizon.net', dateOfBirth=1980-12-04, dateOfJoining=2009-02-27, salary=50683.0
EmployeeID315817namePrefix='39, firstName='Suzanna', middleInitial='M', LastName='Mcfarlane', gender='F', email='suzanna.mcfarlane@yahoo.com', dateOfBirth=1994-07-25, dateOfJoining=2016-07-10, salary=102387.0
EmployeeID724623namePrefix='39, firstName='Lashonda', middleInitial='Q', LastName='Heckman', gender='F', email='lashonda.heckman@yahoo.com', dateOfBirth=1974-11-08, dateOfJoining=2000-07-31, salary=146675.0
EmployeeID772917namePrefix='39, firstName='Valentine', middleInitial='V', LastName='Linder', gender='F', email='valentine.linder@hotmail.com', dateOfBirth=1979-07-12, dateOfJoining=2014-05-27, salary=44938.0
EmployeeID992731namePrefix='39, firstName='Kirstin', middleInitial='S', LastName='Begley', gender='F', email='kirstin.begley@outlook.com', dateOfBirth=1995-09-27, dateOfJoining=2016-11-17, salary=173538.0
EmployeeID891653namePrefix='39, firstName='Mindi', middleInitial='T', LastName='Higley', gender='F', email='mindi.higley@gmail.com', dateOfBirth=1958-01-11, dateOfJoining=1981-02-06, salary=157961.0
EmployeeID469204namePrefix='39, firstName='Rufus', middleInitial='H', LastName='Schofield', gender='M', email='rufus.schofield@gmail.com', dateOfBirth=1986-08-14, dateOfJoining=2010-07-07, salary=78434.0
EmployeeID177006namePrefix='39, firstName='Gisele', middleInitial='P', LastName='Huie', gender='F', email='gisele.huie@gmail.com', dateOfBirth=1980-04-29, dateOfJoining=2010-07-11, salary=115389.0
EmployeeID214099namePrefix='39, firstName='Isabelle', middleInitial='I', LastName='Escobedo', gender='F', email='isabelle.escobedo@hotmail.com', dateOfBirth=1995-10-07, dateOfJoining=2017-01-14, salary=99956.0
EmployeeID115718namePrefix='39, firstName='Celia', middleInitial='S', LastName='Richards', gender='F', email='celia.richards@ibm.com', dateOfBirth=1984-10-02, dateOfJoining=2009-12-06, salary=56085.0
EmployeeID437622namePrefix='39, firstName='Marshall', middleInitial='U', LastName='Luckett', gender='M', email='marshall.luckett@hotmail.co.uk', dateOfBirth=1974-12-11, dateOfJoining=2012-10-02, salary=138716.0
EmployeeID556707namePrefix='39, firstName='Randy', middleInitial='O', LastName='Foxworth', gender='M', email='randy.foxworth@gmail.com', dateOfBirth=1967-04-18, dateOfJoining=1988-09-02, salary=71645.0
EmployeeID562522namePrefix='39, firstName='Merlin', middleInitial='J', LastName='Tackett', gender='M', email='merlin.tackett@gmail.com', dateOfBirth=1990-06-02, dateOfJoining=2013-09-09, salary=72994.0
EmployeeID482012namePrefix='39, firstName='Jonnie', middleInitial='H', LastName='Mclellan', gender='F', email='jonnie.mclellan@hotmail.com', dateOfBirth=1960-05-02, dateOfJoining=1999-10-03, salary=160710.0
EmployeeID443835namePrefix='39, firstName='Louis', middleInitial='M', LastName='Alton', gender='M', email='louis.alton@ibm.com', dateOfBirth=1972-09-27, dateOfJoining=1998-03-07, salary=66309.0
EmployeeID195200namePrefix='39, firstName='Jaime', middleInitial='F', LastName='Steck', gender='M', email='jaime.steck@gmail.com', dateOfBirth=1969-01-08, dateOfJoining=2013-02-14, salary=101125.0
EmployeeID439490namePrefix='39, firstName='Catrice', middleInitial='Y', LastName='Labrecque', gender='F', email='catrice.labrecque@yahoo.com', dateOfBirth=1975-07-28, dateOfJoining=2011-08-20, salary=147041.0
EmployeeID874818namePrefix='39, firstName='Joshua', middleInitial='N', LastName='Thai', gender='M', email='joshua.thai@bellsouth.net', dateOfBirth=1970-05-23, dateOfJoining=2002-03-26, salary=87636.0
EmployeeID232476namePrefix='39, firstName='Nancie', middleInitial='B', LastName='Broomfield', gender='F', email='nancie.broomfield@hotmail.com', dateOfBirth=1978-09-17, dateOfJoining=2004-04-19, salary=189661.0
EmployeeID695651namePrefix='39, firstName='Herb', middleInitial='W', LastName='Mosier', gender='M', email='herb.mosier@shaw.ca', dateOfBirth=1969-05-13, dateOfJoining=1991-06-30, salary=42944.0
EmployeeID576333namePrefix='39, firstName='Gregorio', middleInitial='Z', LastName='Bauman', gender='M', email='gregorio.bauman@gmail.com', dateOfBirth=1970-12-12, dateOfJoining=2016-01-09, salary=188606.0
EmployeeID421181namePrefix='39, firstName='Merri', middleInitial='J', LastName='Tillery', gender='F', email='merri.tillery@outlook.com', dateOfBirth=1958-01-12, dateOfJoining=1990-06-14, salary=85034.0
EmployeeID637227namePrefix='39, firstName='Georgiann', middleInitial='P', LastName='Leyba', gender='F', email='georgiann.leyba@charter.net', dateOfBirth=1966-09-16, dateOfJoining=2012-02-26, salary=126080.0
EmployeeID816839namePrefix='39, firstName='In', middleInitial='Q', LastName='Shirk', gender='F', email='in.shirk@yahoo.com', dateOfBirth=1981-05-25, dateOfJoining=2015-11-09, salary=118928.0
EmployeeID365479namePrefix='39, firstName='Leann', middleInitial='E', LastName='Ellinger', gender='F', email='leann.ellinger@earthlink.net', dateOfBirth=1982-05-04, dateOfJoining=2016-10-30, salary=156004.0
EmployeeID992780namePrefix='39, firstName='Lawrence', middleInitial='L', LastName='Macomber', gender='M', email='lawrence.macomber@exxonmobil.com', dateOfBirth=1967-06-09, dateOfJoining=1993-10-23, salary=42843.0
EmployeeID571027namePrefix='39, firstName='Maegan', middleInitial='H', LastName='Tyson', gender='F', email='maegan.tyson@hotmail.com', dateOfBirth=1972-01-09, dateOfJoining=2012-11-26, salary=197202.0
EmployeeID947619namePrefix='39, firstName='Penny', middleInitial='C', LastName='Drumm', gender='F', email='penny.drumm@gmail.com', dateOfBirth=1959-01-27, dateOfJoining=1994-11-01, salary=162273.0
EmployeeID721695namePrefix='39, firstName='Robert', middleInitial='B', LastName='Harrison', gender='M', email='robert.harrison@gmail.com', dateOfBirth=1996-01-10, dateOfJoining=2017-07-15, salary=55024.0
EmployeeID273911namePrefix='39, firstName='Eboni', middleInitial='V', LastName='Vermillion', gender='F', email='eboni.vermillion@hotmail.com', dateOfBirth=1980-03-14, dateOfJoining=2015-07-13, salary=127588.0
EmployeeID308771namePrefix='39, firstName='Adeline', middleInitial='X', LastName='Poston', gender='F', email='adeline.poston@charter.net', dateOfBirth=1979-03-07, dateOfJoining=2005-06-28, salary=187740.0
EmployeeID449321namePrefix='39, firstName='Tommie', middleInitial='X', LastName='Tomblin', gender='M', email='tommie.tomblin@hotmail.com', dateOfBirth=1963-07-19, dateOfJoining=2001-09-20, salary=145402.0
EmployeeID602809namePrefix='39, firstName='Juana', middleInitial='E', LastName='Perdue', gender='F', email='juana.perdue@hotmail.com', dateOfBirth=1962-05-08, dateOfJoining=2001-03-14, salary=80774.0
EmployeeID768767namePrefix='39, firstName='Elene', middleInitial='X', LastName='Riddick', gender='F', email='elene.riddick@apple.com', dateOfBirth=1970-11-03, dateOfJoining=1996-02-04, salary=196965.0
EmployeeID955733namePrefix='39, firstName='Irwin', middleInitial='A', LastName='Grow', gender='M', email='irwin.grow@rediffmail.com', dateOfBirth=1989-11-21, dateOfJoining=2014-09-05, salary=172045.0
EmployeeID272630namePrefix='39, firstName='Ingeborg', middleInitial='M', LastName='Bolding', gender='F', email='ingeborg.bolding@cox.net', dateOfBirth=1988-06-10, dateOfJoining=2012-09-04, salary=53138.0
EmployeeID510897namePrefix='39, firstName='Alene', middleInitial='X', LastName='Throckmorton', gender='F', email='alene.throckmorton@outlook.com', dateOfBirth=1964-05-28, dateOfJoining=1988-02-26, salary=73907.0
EmployeeID758783namePrefix='39, firstName='Antonio', middleInitial='E', LastName='Kropp', gender='M', email='antonio.kropp@yahoo.com', dateOfBirth=1983-02-12, dateOfJoining=2008-01-08, salary=184807.0
EmployeeID631859namePrefix='39, firstName='Trudi', middleInitial='V', LastName='Aiken', gender='F', email='trudi.aiken@msn.com', dateOfBirth=1990-03-19, dateOfJoining=2014-10-16, salary=176579.0
